id,company,last_name,first_name,email_address,job_title,business_phone,fax_number,address,city,state_province,zip_postal_code,country_region
sdv-id-YkJlGv,Company AA,Mitchell,Derrick,,Purchasing Manager,(123)555-0100,(123)555-0101,789 28th Street,Ortizchester,Colorado,50666,USA
sdv-id-ojKaoi,Company P,Castillo,Kelli,,Purchasing Manager,(123)555-0100,(123)555-0101,456 17th Street,Santiagohaven,Maine,29473,USA
sdv-id-cWxFtU,Company X,Fuentes,Marcus,,Accounting Assistant,(123)555-0100,(123)555-0101,789 26th Street,Roseborough,North Dakota,84620,USA
sdv-id-MiKfHa,Company Q,Sawyer,Thomas,,Purchasing Representative,(123)555-0100,(123)555-0101,456 18th Street,East Josephland,Wyoming,02376,USA
sdv-id-EZALzg,Company CC,Garza,Monica,,Purchasing Assistant,(123)555-0100,(123)555-0101,789 29th Street,New Jasmine,Ohio,05088,USA
sdv-id-fiskfM,Company N,Barton,Anthony,,Owner,(123)555-0100,(123)555-0101,456 16th Street,Lake Chelsey,Maryland,29583,USA
sdv-id-ktPBro,Company M,Baker,Janet,,Owner,(123)555-0100,(123)555-0101,456 16th Street,Tonyview,Louisiana,25333,USA
sdv-id-oUcFOR,Company R,Mercer,Jonathan,,Purchasing Representative,(123)555-0100,(123)555-0101,789 20th Street,New Dustin,New Jersey,08003,USA
sdv-id-SuTAed,Company N,Jones,Kayla,,Purchasing Representative,(123)555-0100,(123)555-0101,456 17th Street,East Ruben,Pennsylvania,90624,USA
sdv-id-RUGMIz,Company F,Ortiz,Regina,,Owner,(123)555-0100,(123)555-0101,123 6th Street,Thomasborough,North Dakota,95204,USA
sdv-id-hFogir,Company P,Hampton,Laura,,Owner,(123)555-0100,(123)555-0101,789 19th Street,Williamsberg,Tennessee,01172,USA
sdv-id-YDlWZI,Company J,Bell,Krista,,Purchasing Representative,(123)555-0100,(123)555-0101,123 11th Street,North Jessica,Kentucky,13336,USA
sdv-id-yAytQM,Company I,Davidson,Trevor,,Purchasing Manager,(123)555-0100,(123)555-0101,123 12th Street,North Jeffreyland,Hawaii,75418,USA
sdv-id-kJHXVA,Company Y,Williamson,Victor,,Purchasing Representative,(123)555-0100,(123)555-0101,789 27th Street,Lake Davidland,Maryland,40920,USA
sdv-id-kaWLci,Company G,Brown,Dustin,,Owner,(123)555-0100,(123)555-0101,123 9th Street,Stevensonchester,Wisconsin,74524,USA
sdv-id-sYVVfH,Company S,Mcintosh,Yvette,,Purchasing Representative,(123)555-0100,(123)555-0101,789 20th Street,South Stephenbury,Georgia,54837,USA
sdv-id-hWePjm,Company K,Green,Loretta,,Purchasing Manager,(123)555-0100,(123)555-0101,123 12th Street,Nicolemouth,Louisiana,19872,USA
sdv-id-rDvhBT,Company B,Lynch,Michael,,Purchasing Representative,(123)555-0100,(123)555-0101,123 2nd Street,Amberview,Utah,42067,USA
sdv-id-KthUfV,Company Q,Barnes,Michelle,,Purchasing Assistant,(123)555-0100,(123)555-0101,789 19th Street,Cynthiaton,Massachusetts,50822,USA
sdv-id-Otswxq,Company M,Smith,Matthew,,Purchasing Manager,(123)555-0100,(123)555-0101,456 15th Street,Williamsburgh,Utah,93809,USA
sdv-id-GrxevY,Company R,King,Scott,,Purchasing Manager,(123)555-0100,(123)555-0101,456 18th Street,Port Albertberg,Louisiana,09748,USA
sdv-id-sDSluP,Company Q,Alvarez,Brent,,Accounting Assistant,(123)555-0100,(123)555-0101,789 19th Street,Port Stanleybury,Connecticut,64790,USA
sdv-id-zXkoUM,Company C,Ward,Kevin,,Purchasing Representative,(123)555-0100,(123)555-0101,123 3rd Street,Lake Travis,Pennsylvania,28221,USA
sdv-id-VoFWMY,Company BB,Evans,Kimberly,,Owner,(123)555-0100,(123)555-0101,789 29th Street,Hamiltonhaven,New York,84922,USA
sdv-id-LMRbfV,Company V,Estrada,Bradley,,Owner,(123)555-0100,(123)555-0101,789 24th Street,Jacobland,Iowa,33176,USA
sdv-id-uoBoYg,Company X,Moses,Jason,,Purchasing Representative,(123)555-0100,(123)555-0101,789 25th Street,West Ruthberg,Ohio,36485,USA
sdv-id-aKqtCZ,Company F,Johnson,Kathleen,,Purchasing Assistant,(123)555-0100,(123)555-0101,123 8th Street,Morrisfort,North Dakota,34259,USA
sdv-id-NyQjxt,Company I,Hughes,Alexander,,Purchasing Representative,(123)555-0100,(123)555-0101,123 11th Street,Wrighttown,Wyoming,92751,USA
sdv-id-eUGohd,Company X,Flores,James,,Owner,(123)555-0100,(123)555-0101,789 26th Street,North Catherine,Iowa,51175,USA
