id,company,last_name,first_name,email_address,job_title,city,state_province,zip_postal_code
sdv-id-YkJlGv,Supplier J,Long,Madison,,Sales Manager,,,
sdv-id-ojKaoi,Supplier H,Willis,Daniel,,Sales Manager,,,
sdv-id-cWxFtU,Supplier I,Rivera,Jennifer,,Sales Manager,,,
sdv-id-MiKfHa,Supplier G,Nunez,Daryl,,Sales Representative,,,
sdv-id-EZALzg,Supplier E,Marquez,Brittany,,Marketing Assistant,,,
sdv-id-fiskfM,Supplier J,Anderson,Billy,,Marketing Assistant,,,
sdv-id-ktPBro,Supplier I,Pratt,Olivia,,Sales Manager,,,
sdv-id-oUcFOR,Supplier E,Underwood,Matthew,,Marketing Manager,,,
sdv-id-SuTAed,Supplier H,Lopez,Felicia,,Sales Manager,,,
sdv-id-RUGMIz,Supplier G,Cohen,Gina,,Sales Manager,,,
